address,source,current_classification,tag_count,severity,tag_names,tag_slugs,main_entities
0x01989c93890aed05a63d179b03424997075b6acf,entity_classification,CRIMINAL / org_001_shadow_cex_exit,0,none,,,
0x01989c93890aed05a63d179b03424997075b6acf,watchlist:CRITICAL,org_001_shadow_cex_exit | Vanity-spoofed shadow wallet mimicking org_001 CEX Exit (0x01989c93). PREFIX matches real wallet but SUFFIX differs. ~$2M volume Apr 8-11 data gap.,0,none,,,
0x01a16e04e457b82bdb9ee94d102b3e25e01d26d7,watchlist:HIGH,"rd_bot_deployer | Bot-to-deployer conversion. 8 contracts, 7 iterations. Self-testing at 5,494 hits.",0,none,,,
0x091101b0f31833c03dddd5b6411e62a212d05875,entity_classification,CRIMINAL / known_attacker,0,none,,,
0x0f5162779f6bfc140b12e7392a7770f839910299,watchlist:HIGH,"self_deploying_drainer_0f516277 | 1 victim drained 2026-05-01. iter_4 of 0x3304e22ddaa2 drainer-spawn campaign. Fleet=44, larger than other iterations.",0,none,,,
0x147b8869655bc09f226955cc676ff78efe240ca8,watchlist:HIGH,"pristine-reputation solo operator (base) | pristine-solo: fleet 4, conf 1, mainnet 2021-05-13, gap 1,777d. Detected by pristine_solo_detector 2026-04-25.",3,LOW,Luchadores: Deployer; Contract Deployer; Luchadores,luchadores-deployer; contract-deployer; luchadores,; ; 
0x151b381058f91cf871e7ea1ee83c45326f61e96d,watchlist:CRITICAL,architect | Architect's sole funder. 0.0508 ETH. Single deployer.,3,HIGH,MoonPay 4; Exchange; note_0,moonpay-4; exchange; note0,; ; 
0x16cd9c10664baf804734a18ffb6d57927b5ff1ca,watchlist:HIGH,self_deploying_drainer_16cd9c10 | 2 victims drained 2026-04-27 → 04-28. iter_3 of 0x3304e22ddaa2 drainer-spawn campaign. Fleet=2.,0,none,,,
0x1aae146c13287cf4b53338ab262777dad1b07900,watchlist:HIGH,"self_deploying_drainer_1aae146c | Self-deploying trap operator on base. 133 drains across 1 contracts, 133 distinct victims. Drain window: 2026-04-29T11:07:39 → 2026-04-29T16:12:27. Fleet=1, funder=0xf7883e3fef23c8e645deba4b540549d78028a616, mainnet=L2-only. Surfaced 2026-04-29 via 24h drain burst decomposition. Pattern: deploy → bait → mass-sweep, dispose.",0,none,,,
0x1ac0dd67249f3f082a616f1053e16858a96344be,watchlist:HIGH,"self_deploying_drainer_1ac0dd67 | Self-deploying trap operator on base. 141 drains across 1 contract(s), 141 distinct victims. Window: 2026-05-01T11:23:31 -> 2026-05-01T18:00:03. Fleet=1, funder=0xf7883e3fef23c8e645deba4b540549d78028a616, mainnet=L2-only. Surfaced 2026-05-01 via May 1 drain decomposition; part of continuing 2026-04-29 -> 2026-05-01 drain wave.",0,none,,,
0x1b1d2149d656f8ca33fb633e6f642b5a2426b53d,watchlist:HIGH,single_purpose_funder_acc79e | L2-native pure funding wallet (no mainnet history). Funds drainer-operator 0xacc79e7b9f8d (77-victim self-deploying trap operator on Base). Single-Purpose Infrastructure Funder typology — verify against Pattern A on review.,0,none,,,
0x238d7170f309a55b87a144a341bd6105897082ca,entity_classification,CRIMINAL / org_treasury,0,none,,,
0x238d7170f309a55b87a144a341bd6105897082ca,infra_operator_candidate,top12_funder | deployers=861 contracts=734,0,none,,,
0x238d7170f309a55b87a144a341bd6105897082ca,watchlist:HIGH,org_002_senior | Org_002 senior treasury. 85 deployers. Untraceable origin.,0,none,,,
0x260790b15bbae85c85987cbb0a533e3c2ce9ca53,entity_classification,INDIVIDUAL / bot_operator,0,none,,,
0x27920e8039d2b6e93e36f5d5f53b998e2e631a70,entity_classification,CRIMINAL / org_laundry,0,none,,,
0x2bdfdd894d0cd04017b7dab3d4c25e788fdefd47,watchlist:HIGH,"self_deploying_drainer_2bdfdd89 | Self-deploying trap operator on base. 3 drains across 1 contract(s), 3 distinct victims. Window: 2026-04-29T00:27:43 -> 2026-05-02T19:23:33. Fleet=3, funder=0x8b8f2c6e32715b7330416e3008430089f48d9662, mainnet=L2-only. Surfaced 2026-05-02 via May 2 daily probe (0x2bdfdd894d0c = 2 victims May 2). Continuing 2026-04-29 -> 2026-05-02 drain wave.",0,none,,,
0x2ce5ff20a54c736e98098b1f2b3f277f0d154bf5,watchlist:HIGH,"self_deploying_drainer_2ce5ff20 | Self-deploying trap operator on Base, deploy-once-and-dispose. 139 drains 2026-04-13. Part of 6-drainer campaign by operator hub 0xf7883e3fef23c8e645deba4b540549d78028a616 (iter_2). Surfaced 2026-05-01 retroactively from cross-funder linkage probe.",0,none,,,
0x2e20b26172a8625c33097288075920a6210a8233,entity_classification,CRIMINAL / trap_inventory,0,none,,,
0x2fad746cfaaf68aa098f704fb6537b0a05786df8,entity_classification,CRIMINAL / known_attacker,0,none,,,
0x30e88ee4c417f126aacf6a4c3cd641424203fe6d,watchlist:HIGH,architect_associated | Behavioral match to Architect at 0.711. Possible alternate wallet.,0,none,,,
0x31e54d1ccc43772b25aa14b1ddd0a36d05ed7b13,watchlist:HIGH,"persistent_operator_31e54d1c | Base, fleet 639 lifetime contracts, L2-only. First seen 2026-04-23. Persistently active across April 23 → May 5 (12+ days continuous). Overnight 2026-05-04→05 added 37 new contracts. Funder 0x33584fe84042 (NEW, not in any documented hub). Largest non-watchlisted persistent-deployer signal as of 2026-05-05.",0,none,,,
0x31eadfd9b3c43f522e3192a6c5fa28ed126abb61,watchlist:CRITICAL,approval_trap_0x4a3e | 390 armed approvals on 0x4a3e2069. SELFDESTRUCT. Waiting for drain.,0,none,,,
0x32dbfce2253002498cd41a2d79e249250f92673b,entity_classification,CRIMINAL / known_attacker,0,none,,,
0x3304e22ddaa22bcdc5fca2269b418046ae7b566a,infra_operator_candidate,top12_funder | deployers=1939 contracts=6470,4,HIGH,Binance 73; Exchange; Binance; note_0,binance-73; exchange; binance; note0,Binance; ; ; 
0x3304e22ddaa22bcdc5fca2269b418046ae7b566a,watchlist:HIGH,"infrastructure_scale_drainer_spawn_hub_3304e22d | Cross-typology hub: documented top-12 Infrastructure-Scale Operator (rank #4, 2,134 deployers, 8,187 contracts per reports/funder_cluster_diagnostic_2026-04-29.md) AND drainer-spawn hub (linked to two confirmed drainers across April 1 → May 1 cross-link probe: 0x7b72595d62b1f4260b1cdb331a2f5e19e62a52b0 on Apr 1, 0x0f5162779f6bfc140b12e7392a7770f839910299 on May 1). Same shape as 0xf7883e3fef23 (6-drainer/859-victim hub) but at much larger scale and predating that operation. Expanded-window drainer probe across April 1 → May 1 surfaced via this entry.",4,HIGH,Binance 73; Exchange; Binance; note_0,binance-73; exchange; binance; note0,Binance; ; ; 
0x348df930e825da25552d8b3dc44e871c67846cb5,entity_classification,CRIMINAL / known_attacker,0,none,,,
0x35ca5c210a7f87ec8a270ef96656ce6a278b106c,watchlist:HIGH,"single_purpose_funder_3161 | Pure funding wallet (no deployer record). Funds exactly 1 corpus deployer 0xb3c07d462cbcd384636d713aaaa8a841f180e509 with 3,161-contract base fleet. Reference instance of single-purpose-infrastructure-funder typology.",0,none,,,
0x360e68faccca8ca495c1b759fd9eee466db9fb32,entity_classification,CRIMINAL / org_treasury,0,none,,,
0x360ed34d03353bcc229bf4660e9f48a66db9fb32,watchlist:MEDIUM,address_poisoner_targeting_org_001 | Vault spoof #1 (0x360e prefix collision with org_001 vault). Zero-value ETH spam. nonce=2622. Targets org_001 Treasury.,0,none,,,
0x360ee8653c848ca03172e65f5c95bde66db9fb32,watchlist:MEDIUM,address_poisoner_targeting_org_001 | Vault spoof #2 (0x360e prefix collision with org_001 vault). Dust USDC/USDT spam. nonce=4069. Targets org_001 Treasury.,0,none,,,
0x392c564a28d6d87d326e8a385c764355e130418d,entity_classification,CRIMINAL / org_deployer,0,none,,,
0x39591e7c099a379fd7b349ebfecaeef439c40454,infra_operator_candidate,top12_funder | deployers=633 contracts=2029,3,HIGH,OKX 177; Exchange; note_0,okx-177; exchange; note0,; ; 
0x39591e7c099a379fd7b349ebfecaeef439c40454,watchlist:HIGH,"iso_top12_39591e7c | Top-12 Infrastructure-Scale Operator (rank #10 per reports/funder_cluster_diagnostic_2026-04-29.md, 745 deployers / 2,625 contracts / 5 confirmed / 1,313 suspected). Surged overnight 2026-05-04→05: spawned 22 new deployers / 23 contracts. Documented in lexicon but never watchlisted until 2026-05-05.",3,HIGH,OKX 177; Exchange; note_0,okx-177; exchange; note0,; ; 
0x3b8b8e550997541816882c778ae0ac031e86b5a8,entity_classification,CRIMINAL / trap_contract,0,none,,,
0x3c6b221f35aeb42fdcc8e86ae1d36ac9fef3d068,watchlist:HIGH,self_deploying_drainer_3c6b221f | 1 victim drained 2026-05-03. Funder 0x6a6e7d2fedd2.,0,none,,,
0x3de8e56d9f31663d7b64b46484ab48cc3a625327,watchlist:HIGH,drainer_funder_3de8e56d | Funder of May 4 drainer 0xa6d56d6d140e (49 victims). Funds 1 corpus deployers. Surfaced 2026-05-04.,0,none,,,
0x3e6800980a97038ce5e746cde46c49d45e4966de,entity_classification,CRIMINAL / trap_contract,0,none,,,
0x43aa42d2f11afe42832a9619bc8066dfb83a9217,entity_classification,CRIMINAL / known_attacker,0,none,,,
0x44a2ee1369c3eecf86f8de7c73c3e3602523a198,watchlist:HIGH,"self_deploying_drainer_44a2ee13_arbitrum | 37 victims drained 2026-05-07 across 6.5h window (10:55 -> 17:25 UTC). Arbitrum self-deploying drainer. Single contract `0x955b2c75efffa1ee9ee54e21e9c5c7cf772fdcb0` (tier=confirmed pre-attack — Layer 3 had pre-classified). Funder `0x68b8b6d48dc6529d7eb4c7943613e04ba2e5b913` (1 lifetime spawn = clean Pattern A / Single-Purpose Funder shape). Second observation in 48h of the Pattern-A-clone cadence — same architecture as 2026-05-06 fbf44e96 (113 victims, org_001-funded). Different funder, same shape: single-purpose funder -> self-deploying drainer -> one tier=confirmed contract -> tens of victims in single-day burst.",0,none,,,
0x44ef17f5ab02de08bb21e5eb9a5eb7e0c593b5ad,watchlist:HIGH,self_deploying_drainer_44ef17f5 | 5 victims drained 2026-05-03. Funder 0x6cafe5b886cc. Distinct from existing hubs.,0,none,,,
0x45a318273749d6eb00f5f6ca3bc7cd3de26d642a,watchlist:CRITICAL,"cluster_b_funder | 25 deployer wallets, 223 contracts on Base+Arb, blacklist trap patterns, cross-chain operation",2,LOW,Owlto Finance: Bridge; Owlto Finance,owlto-finance-bridge; owlto-finance,; 
0x48d54f4238b647f76b59002f6062154de435fb28,watchlist:HIGH,"self_deploying_drainer_48d54f42 | Self-deploying trap operator on base. 9 drains across 1 contract(s), 9 distinct victims. Window: 2026-05-01T09:37:35 -> 2026-05-01T09:37:35. Fleet=1, funder=0x3e6a7633358430d89820a8e8b897bde4164e90f5, mainnet=L2-only. Surfaced 2026-05-01 via May 1 drain decomposition; part of continuing 2026-04-29 -> 2026-05-01 drain wave.",0,none,,,
0x4c89f508a848462977e9b28d03888bfc66ec601e,watchlist:HIGH,self_deploying_drainer_4c89f508 | 6 victims drained 2026-05-06. Funder 0x750585427608.,0,none,,,
0x4cfe37d21a5a8a1d74e4840426d644a1b50dc328,watchlist:HIGH,architect_associated | Behavioral match to Architect at 0.799. Possible alternate wallet.,3,self-confirming,Fake_Phishing327625; Phish / Hack; note_0,fakephishing327625; phish--hack; note0,; ; 
0x4e3ae00e8323558fa5cac04b152238924aa31b60,infra_operator_candidate,top12_funder | deployers=243 contracts=1557,4,HIGH,MEXC 15; Exchange; MEXC; note_0,mexc-15; exchange; mexc; note0,; ; ; 
0x56190cac88b8d4b5d5ed668ef81828913932e7ed,entity_classification,CRIMINAL / known_attacker,0,none,,,
0x571ba99571f588d8238cb56a244de1c44e1d1da7,entity_classification,CRIMINAL / org_deployer,0,none,,,
0x5851f4d600f81f5722a2841a552ce29b15ea2aeb,watchlist:HIGH,"self_deploying_drainer_5851f4d6 | Self-deploying trap operator on Base. Drained 3 victims on 0xa9634059b067 in single second at 2026-04-30T22:09:15 UTC. Fleet 62, first_seen 2026-03-21 (~40d old). Funder 0xd2274d8c6aa96fbe9cea3612fe5c4ca619c380ad. Same operational shape as 0xacc79e7b9f8d / 0x1aae146c1328 / etc. (mass-drain wave continuing into 2026-05-01).",0,none,,,
0x59537353248d0b12c7fcca56a4e420ffec4abc91,entity_classification,CRIMINAL / known_attacker,0,none,,,
0x5fb0b8584b34e56e386941a65dbe455ad43c5a23,entity_classification,CRIMINAL / known_attacker,0,none,,,
0x604be06b9f6b6663f78e755db0c5965eb2337e3d,watchlist:HIGH,"high-velocity solo operator (parallel to c0ffeefeed) | Originally classified 2026-04-25 as high-velocity solo operator (28 trap deployments in 24h on 04-24). Re-attributed 2026-04-29 to org_001 cluster — funded by 0xf70da97812cb96acdf810712aa562db8dfa3dbef (org_001 Whale Trader, watchlist HIGH). Per epistemic test #2 A11. Active high-volume operator within org_001 infrastructure-scale cluster.",0,none,,,
0x62ff7f626f8ce47f3c19075c6dbc3cedd34a50e4,watchlist:HIGH,drainer_funder_62ff7f62 | Funder of May 4 drainer 0xcd3daa151363 (39 victims). Funds 1 corpus deployers. Surfaced 2026-05-04.,0,none,,,
0x666521000c595a632fb3e99f392b12e937b77586,watchlist:HIGH,"high-productivity solo operator | 2026-04-23 investigator review: fleet 50, 6 confirmed, 4 hits today. 22-month Pattern D gap.",0,none,,,
0x685e0423add1d6fc31376eb2ab3ad188a3508f3d,watchlist:HIGH,self_deploying_drainer_685e0423 | 31 victims drained 2026-05-03. Funder 0xd12391b80e1f. Distinct from 0xf7883e3fef23 hub.,0,none,,,
0x68b8b6d48dc6529d7eb4c7943613e04ba2e5b913,watchlist:HIGH,single_purpose_funder_44a2ee13 | Single-Purpose Infrastructure Funder anchor for `0x44a2ee1369c3eecf86f8de7c73c3e3602523a198` drainer. 1 lifetime spawn (the drainer itself). No prior corpus history. Pattern A clean signature. Funded the May 7 37-victim burst on Arbitrum.,0,none,,,
0x6a9c2449c32779f89d0ccafd746152e237c1bdf2,watchlist:HIGH,"single_purpose_funder_industrial_bb50 | Near-Pattern-A funder for 0xbb50ce87be3443ed137df1dfdbf2fb0ca8c0a9e0 (29,016-contract Optimism PSO operator). Funds 2 corpus deployers but 99.99% of fleet routes through bb50ce87 — structurally between Single-Purpose Infrastructure Funder and Infrastructure-Scale Operator. Pure funding wallet (no deployer record).",0,none,,,
0x70e4bb86ef707870ee52aec1f0e77a09f22030a3,watchlist:HIGH,"self_deploying_drainer_70e4bb86 | 4 drains, 2 victims drained 2026-05-06. Funder 0x72174e813445.",0,none,,,
0x72747b3100031e3f8b88a83f6eb52c506d8a84af,watchlist:HIGH,"self_deploying_drainer_72747b31_iter7 | 0xf7883e3fef23 hub iter_7 (May 3). 143 victims. 7th iteration in the campaign; brings cumulative total to 1,005 victims across 26 days. Cadence ~2 days held exactly. Deploy-once-and-dispose. Fleet=1.",0,none,,,
0x73c0c56bbf162e403b46285f525cdc2409a57bed,watchlist:HIGH,"self_deploying_drainer_73c0c56b | 10 drains, 3 victims drained 2026-05-06. Multi-victim concentration suggests 1 contract hit 3 victims multiple times. Funder 0xa67d7eb4dc68.",0,none,,,
0x74b9a8351bd725ca3edd654c9728873b8c6f051e,entity_classification,CRIMINAL / trap_contract,0,none,,,
0x7930e1380157596ff82595d502083bf604eda922,watchlist:HIGH,architect_associated | Behavioral match to Architect at 0.710. Possible alternate wallet.,0,none,,,
0x79a2f71187dc9fd9b173781e6dd4ff9960f6f61b,entity_classification,CRIMINAL / trap_contract,0,none,,,
0x7ac6e9042fb5148b3f5daf9badfb8cf33ef66f43,watchlist:HIGH,"bot_trap_deployer_7ac6e904 | Bot-trap deployer on Base. Deployed 11 contracts in a 12-second burst 2026-05-03T15:28:33-45 UTC, including 0xa57d8e6646e063ffd6eae579d4f327b689da5dc3 which generated 1,007,988 lifetime tx (955K of those on May 4 alone) with 38.6% revert and 1 confirmed trap event (bot 0x42ec70c8 trapped 2026-05-04T00:33). Not Permit2-drain-class (0 approvals, 0 drains) but bot-trap-class with industrial volume. Funder: 0xa5ee814448a22a47fdc137c2d60bc4821157663b.",0,none,,,
0x7b72595d62b1f4260b1cdb331a2f5e19e62a52b0,watchlist:HIGH,self_deploying_drainer_7b72595d | Self-deploying trap operator on Base. 399 victims drained 2026-04-01 → 04-04 (4-day window) — the LARGEST single-iteration drain count in our corpus. Fleet=7. Funded by 0x3304e22ddaa2 (top-12 Infrastructure-Scale Operator AND drainer-spawn hub). Surfaced 2026-05-02 via Apr 1 → May 1 cross-link probe.,0,none,,,
0x7d34e0a0b4f7e151456cfc5fcdad46958f88f877,watchlist:HIGH,"self_deploying_drainer_7d34e0a0 | Self-deploying trap operator on Base, deploy-once-and-dispose. 139 drains 2026-04-07. Part of 6-drainer campaign by operator hub 0xf7883e3fef23c8e645deba4b540549d78028a616 (iter_1). Surfaced 2026-05-01 retroactively from cross-funder linkage probe.",0,none,,,
0x80b12bd0f1793bf6cea767fa83eb2068eaa17dc8,watchlist:HIGH,"pristine-reputation solo operator (0x752c5a95 deployer) | 2026-04-24 investigator review: deployer of 0x752c5a95 (confirmed pre-drain, 1898 approvals, 0 drains). 2019-05-23 mainnet vintage provides laundering cover. Two-contract Base footprint defeats fleet detectors.",3,LOW,Animoca: Deployer; Contract Deployer; Animoca,animoca-deployer; contract-deployer; animoca,Animoca; ; 
0x80c67432656d59144ceff962e8faf8926599bcf8,infra_operator_candidate,top12_funder | deployers=272 contracts=1135,3,LOW,Orbiter Finance: Bridge; Bridge; Orbiter Finance,orbiter-finance-bridge; bridge; orbiter-finance,; ; 
0x84792c2a999c0c12a0a0e00fbadb090cb2f84ad6,entity_classification,BOT / rd_bot,0,none,,,
0x8690b9a118b5410542c4b408834c8e2b7f10a147,watchlist:HIGH,"self_deploying_drainer_8690b9a1 | Self-deploying trap operator on arbitrum. 28 drains across 1 contract(s), 28 distinct victims. Window: 2026-05-01T10:56:54 -> 2026-05-02T06:26:36. Fleet=1, funder=0xf81a5dab15da0f6096df393c6e5d38d7cb572bf7, mainnet=L2-only. Surfaced 2026-05-01 via May 1 drain decomposition; part of continuing 2026-04-29 -> 2026-05-01 drain wave.",0,none,,,
0x888a491ed0a09c9325507aaccead28a099a2104f,entity_classification,CRIMINAL / org_deployer,0,none,,,
0x8b8f2c6e32715b7330416e3008430089f48d9662,watchlist:HIGH,drainer_funder_8b8f2c6e | Funder of new May 2 drainer wallet. Funds 1 corpus deployers. pure funding wallet. Surfaced 2026-05-02.,0,none,,,
0x8c826f795466e39acbff1bb4eeeb759609377ba1,infra_operator_candidate,top12_funder | deployers=743 contracts=3366,0,none,,,
0x8c826f795466e39acbff1bb4eeeb759609377ba1,watchlist:HIGH,org_001_gas_station | Org_001 gas station. 173 deployers funded. Coinbase origin.,0,none,,,
0x8ca702323c341a8d46ee94a2abeddb08798ca10d,infra_operator_candidate,top12_funder | deployers=737 contracts=320,0,none,,,
0x8f007f3e4f83a57c34dc4bf19237423665d28dd8,entity_classification,CRIMINAL / org_deployer,0,none,,,
0x9209c9f7dcb61937f1ec8160c22c0b2365079474,watchlist:CRITICAL,architect | Most sophisticated operator in corpus. 21 R&D contracts on Arbitrum. Full weapon: SD+DC+TS+CL.,0,none,,,
0x96daa0b8a5499ea9323421ed0cda06b345caab73,entity_classification,CRIMINAL / org_001_shadow_lp_staging,0,none,,,
0x96daa0b8a5499ea9323421ed0cda06b345caab73,watchlist:CRITICAL,org_001_shadow_lp_staging | Vanity-spoofed shadow wallet mimicking org_001 LP Staging (0x96daa0e1). PREFIX matches real wallet but SUFFIX differs. ~$2M volume Apr 8-11 data gap.,0,none,,,
0x987b2308c8ca6f906b797386954e486001f4b3d1,watchlist:HIGH,approval_trap_funder | Funded 3 deployers iterating approval traps. Escalating capability.,0,none,,,
0x9be076e81822678478f8a25d0f942f3126482829,watchlist:HIGH,self_deploying_drainer_9be076e8 | 2 victims drained 2026-05-03. Funder 0xd79d6824416e. Distinct from existing hubs.,0,none,,,
0x9dff309f8b3162d78807691336c0b14175021a77,watchlist:HIGH,"self_deploying_drainer_9dff309f | Self-deploying trap operator on base. 37 drains across 1 contracts, 37 distinct victims. Drain window: 2026-04-29T12:11:53 → 2026-04-29T12:11:53. Fleet=1, funder=0xef9dfaedf308211fe4d62fc4ce1d2c32b9c65374, mainnet=L2-only. Surfaced 2026-04-29 via 24h drain burst decomposition. Pattern: deploy → bait → mass-sweep, dispose.",0,none,,,
0x9ebed688a923060d3d713cb27d356ced4fa005c5,entity_classification,INDIVIDUAL / bot_operator,0,none,,,
0x9f5db1b0436815de051b86a732c3d8ad8877bbef,entity_classification,CRIMINAL / org_deployer,0,none,,,
0xa02c6fe88c7e9181db6cf6c9d75ed2a47183c159,watchlist:HIGH,self_deploying_drainer_a02c6fe8 | 5 victims drained 2026-05-06. Funder 0x453719b21491.,0,none,,,
0xa18478d133ebd6aeeb15fdc07f8c83551489abc1,entity_classification,COMMERCIAL / mev_factory,0,none,,,
0xa2a01b4a68575280a2de45178e289da717bedb6f,watchlist:HIGH,"pristine-reputation solo operator (arbitrum) | pristine-solo: fleet 4, conf 1, mainnet 2019-11-16, gap 2,314d. Detected by pristine_solo_detector 2026-04-25.",3,LOW,Stabilize Finance: Deployer 2; Contract Deployer; Stabilize Finance,stabilize-finance-deployer-2; contract-deployer; stabilize-finance,Stabilize; ; 
0xa370e0f4bd42b57ed4ac29ab3246b9f22fc6e33c,watchlist:HIGH,"self_deploying_drainer_a370e0f4 | Self-deploying trap operator on Base, deploy-once-and-dispose. 154 drains 2026-04-25. Part of 6-drainer campaign by operator hub 0xf7883e3fef23c8e645deba4b540549d78028a616 (iter_3). Surfaced 2026-05-01 retroactively from cross-funder linkage probe.",0,none,,,
0xa6d56d6d140eee1cff0509f533edc79b2731ee93,watchlist:HIGH,"self_deploying_drainer_a6d56d6d | Self-deploying trap operator on base. 49 drains across 1 contract(s), 49 victims. Window: 2026-05-04T12:00:07 -> 2026-05-04T12:00:07. Fleet=1, funder=0x3de8e56d9f31663d7b64b46484ab48cc3a625327, mainnet=L2-only. Surfaced 2026-05-04 daily probe (0xa6d56d6d140e = 49 victims). Continuing 2026-04-29+ drain wave.",0,none,,,
0xa707034429c8e4e01df056c0cbcf478f0fbefad7,watchlist:HIGH,"mass_dormant_drain_hub_a707 | Mainnet consolidation hub for mass dormant-wallet drain operation 2026-04-30. Receives small ETH amounts from 49+ distinct senders, including 5+ confirmed 7+ year old wallets (e.g. 0x006ac999c960 7.0y, 0x166bf677b8d8 7.5y, 0x95ca15e460e3 8.1y, 0xf44087b7e1cc 6.8y, 0x2a2bad8781de 7.0y, 0x3a687fade485 7.0y). Burst window 06:39-06:42 UTC = 17+ drains in 210s = scripted mass execution. Off-ramp: 324.741 ETH to Thorchain router 0xD37BbE5744D7 at 15:28:59 UTC. Wallet itself is 22h old at first observation (created 2026-04-29T23:39 UTC). Mainnet-only — outside Layer 3 L2 monitoring scope. EXTRACTION_010.",3,self-confirming,Fake_Phishing2831105; Phish / Hack; note_0,fakephishing2831105; phish--hack; note0,; ; 
0xa7b9874d15742358fb455dd56f97c6d19ad74f5c,watchlist:HIGH,"x402_drain_endpoint_a7b9874d | X402 facilitator-drain coordinated endpoint. Recipient of 4 of 7 X402_AGENT_DRAIN alerts in 2026-05-01 → 2026-05-02 window: $20K + $101K + $102K USDC from 0x06864af8a509 (escalating drops) plus 26.9 ETH-worth from 0x3e55d2cac1db. Total ~$285K USD-equiv received. Not in deployers, not in org_wallets pre-this-watchlist. Worth tracking for further inflow + onward laundering.",0,none,,,
0xa8c7ac1cdc33e1c3bf0aa04bb598ff66025207c1,watchlist:HIGH,"self_deploying_drainer_a8c7ac1c_iter8 | 0xf7883e3fef23 hub iter_8 (May 5). Spawned 2026-05-05T10:02:11 UTC — 30 seconds difference from iter_7 time-of-day (10:01:41), confirming sub-minute scheduler precision. 8th iteration in the campaign; cumulative now ~1,150 victims across 28 days. Fleet=1, deploy-once-and-dispose. Cadence prediction was 09:01-11:31 UTC window — confirmed within 1 hour of midpoint.",0,none,,,
0xa9f467486f4b79dd328a453493c0bee49bdcfba5,watchlist:HIGH,"self_deploying_drainer_a9f46748 | Self-deploying trap operator on base. 1 drains across 1 contract(s), 1 distinct victims. Window: 2026-05-02T07:53:15 -> 2026-05-02T07:53:15. Fleet=23, funder=None, mainnet=L2-only. Surfaced 2026-05-02 via May 2 daily probe (0xa9f467486f4b = 1 victim May 2). Continuing 2026-04-29 -> 2026-05-02 drain wave.",0,none,,,
0xaa06fde501a82ce1c0365273684247a736885daf,entity_classification,CRIMINAL / known_attacker,0,none,,,
0xab613368165f53ac0e74d4bebe0da6ae38ae6c0a,watchlist:HIGH,"self_deploying_drainer_ab613368 | Self-deploying trap operator on base. 41 drains across 1 contracts, 41 distinct victims. Drain window: 2026-04-29T10:30:41 → 2026-04-29T10:30:41. Fleet=1, funder=0x3174d2fda6a2b585e6673f1b06fb5cba3901f703, mainnet=L2-only. Surfaced 2026-04-29 via 24h drain burst decomposition. Pattern: deploy → bait → mass-sweep, dispose.",0,none,,,
0xacc79e7b9f8dbb22e197c76d92ff8c0472ac81b4,watchlist:HIGH,"self_deploying_trap_operator_acc79e | Self-deploying trap operator on Base. Same EOA deploys trap contracts AND sweeps approvals as drain_caller. Active 2026-04-29: deployed 0xa7e1e8ab7b7c at 15:04 UTC, swept 11 victims 21:35-22:04 UTC (29-min mass-drain window). Total: 77 distinct victims drained across 2 contracts (0xa7e1e8ab7b7c, 0x20abaff765075904). Fleet=3, L2-native funder 0x1b1d2149d656.",0,none,,,
0xadb085d8279bf7afad7599d3b8685547b19b2798,entity_classification,CRIMINAL / org_deployer,0,none,,,
0xb0b0b6903489cc56bf037cb2f5ba986e2775bb07,infra_operator_candidate,top12_funder | deployers=1404 contracts=1397,0,none,,,
0xb0b0b6903489cc56bf037cb2f5ba986e2775bb07,watchlist:HIGH,"iso_top12_b0b0b690_l2_native | Top-12 Infrastructure-Scale Operator, L2-native (no mainnet history), deliberate eth_depth evasion. Vanity-prefix branding (0xb0b0b69* — funder branding sub-type per Adversarial Vanity Branding lexicon entry). 6,605 lifetime corpus deployers per 2026-04-29 funder_metrics. Surged 2026-05-06: 114 new deployers / 114 contracts in single day. Documented in lexicon as Infrastructure-Scale Operator anchor instance but never watchlisted until 2026-05-06.",0,none,,,
0xb13b2ab202cb902b8986cbd430d7227bf3ddca83,entity_classification,CRIMINAL / known_attacker,0,none,,,
0xb3c07d462cbcd384636d713aaaa8a841f180e509,watchlist:HIGH,"single_purpose_op_3161 | 3,161-contract Base fleet deployed in 4 days (2026-04-24 to 2026-04-28). 100% suspected tier. 3,123 distinct deployed_code_hashes (near-unique per contract). Funded by single-purpose pure wallet 0x35ca5c210a7f87ec8a270ef96656ce6a278b106c. 0 drains, 24 approvals — pre-positioned dormant infrastructure. Larger than any documented single-deployer fleet at time of detection (now superseded by 0xbb50ce87 29K Optimism fleet, 2026-05-01).",0,none,,,
0xbaed383ede0e5d9d72430661f3285daa77e9439f,infra_operator_candidate,top12_funder | deployers=210 contracts=1492,5,HIGH,Bybit: Hot Wallet 6; DEPOSIT ADDRESS; Exchange; note_0; Bybit,bybit-hot-wallet-6; deposit-address; exchange; note0; bybit,; ; ; ; 
0xbaed383ede0e5d9d72430661f3285daa77e9439f,watchlist:HIGH,potential_org_004 | Independent gas station. 12+ deployers. Mixed trap types.,5,HIGH,Bybit: Hot Wallet 6; DEPOSIT ADDRESS; Exchange; note_0; Bybit,bybit-hot-wallet-6; deposit-address; exchange; note0; bybit,; ; ; ; 
0xbaff5fe29ceeba4fa235f20882dabbaf73898b17,watchlist:HIGH,self_deploying_drainer_baff5fe2 | 2 victims drained 2026-03-25 (single-day). iter_1 of 0x3304e22ddaa2 drainer-spawn campaign. Fleet=1.,0,none,,,
0xbb50ce87be3443ed137df1dfdbf2fb0ca8c0a9e0,watchlist:HIGH,"pristine_solo_industrial_bb50ce87 | Pristine Solo Operator at industrial scale — Optimism, 29,016 lifetime contracts, 7.7y mainnet history (first tx 2018-08-29), 9,333 contracts deployed in 7-hour burst 2026-04-30T21:37 → 2026-05-01T04:42 UTC. Single bytecode template (5439c9995738b4) covers 99.97% of burst. Funded by single-purpose pure wallet 0x6a9c2449c32779f89d0ccafd746152e237c1bdf2. Bigger single-deployer fleet than any documented Infrastructure-Scale Operator. Confluence of two existing typologies (PSO + Infrastructure-Scale) at unprecedented scale. Case file pending.",2,HIGH,Circle: contract deployer; Circle,circle-contract-deployer; circle,Circle; 
0xbbfca1dfa3c2515df653c395a52ac603466bbbab,watchlist:HIGH,"arbitrum_cluster_funder_bbfca1df | Arbitrum-cluster funder. Funds 8 persistent deployers (active across April 1 → May 1 30-day window), including 0x47b3fb3b0e65 (188 fleet), 0x1a1c55fe35b5 (173 fleet), 0xcfdef8a8ddbb (164 fleet), 0x1ce5e3a70d93 (159 fleet). Largest non-watchlisted persistent-funder signal surfaced 2026-05-02. Possible Infrastructure-Scale Operator candidate or Architect-cluster adjacent.",0,none,,,
0xbcd695fc0fbd6d3754171ceaf82155236eff88f6,watchlist:HIGH,"self_deploying_drainer_bcd695fc | Self-deploying trap operator on base. 33 drains across 1 contract(s), 33 distinct victims. Window: 2026-05-02T08:30:19 -> 2026-05-02T08:43:11. Fleet=1, funder=0xd64ce40735428f5ef3a121b813a1f06af9870cf6, mainnet=L2-only. Surfaced 2026-05-02 via May 2 daily probe (0xbcd695fc0fbd = 33 victims (lead May 2)). Continuing 2026-04-29 -> 2026-05-02 drain wave.",0,none,,,
0xbe9eec1bd9f42633f1253ecf4f2b056ad8fd3774,watchlist:HIGH,self_deploying_drainer_be9eec1b | 1 victim drained 2026-05-03. Funder 0xf22b184551c0.,0,none,,,
0xbf6ec059f519b668a309e1b6ecb9a8ea62832d95,entity_classification,CRIMINAL / known_attacker,0,none,,,
0xc041412e80b22bcccccd8c40704f681b89a227ca,infra_operator_candidate,top12_funder | deployers=342 contracts=236,0,none,,,
0xc0ffeefeed8b9d271445cf5d1d24d74d2ca4235e,entity_classification,CRIMINAL / trap_deployer,0,none,,,
0xc0ffeefeed8b9d271445cf5d1d24d74d2ca4235e,watchlist:MEDIUM,coffee_dual_operator | Dual operator: 53+ contracts deployed + 83 vanity bot wallets.,0,none,,,
0xc43f317ed4d81cbbfe2c9c98b4cc6f303519f078,watchlist:HIGH,"iso_top12_c43f317e_pre_stage | Top-12 Infrastructure-Scale Operator (rank #5 per reports/funder_cluster_diagnostic_2026-04-29.md, 1,871 deployers / 1,702 contracts / 0 confirmed / 0 suspected = pre-stage warehouse sub-type — no detection signal in funded fleet). Surged overnight 2026-05-04→05: spawned 22 new deployers / 22 contracts. The pre-stage classification means contracts are being produced but not yet weaponized. Documented in lexicon but never watchlisted until 2026-05-05.",0,none,,,
0xc5d133296e17ba25df0409a6c31607bf3b78e3e3,watchlist:HIGH,architect_associated | Behavioral match to Architect at 0.742. Possible alternate wallet.,3,LOW,CryptoCauses: Deployer; Contract Deployer; CryptoCauses,cryptocauses-deployer; contract-deployer; cryptocauses,; ; 
0xc6962004f452be9203591991d15f6b388e09e8d0,entity_classification,CRIMINAL / org_cashout,0,none,,,
0xc6f780497a95e246eb9449f5e4770916dcd6396a,entity_classification,CRIMINAL / org_laundry,0,none,,,
0xc8e6a328d094609a97024978657c29920cabf7c3,entity_classification,CRIMINAL / trap_contract,0,none,,,
0xc8f28b043feb244c7e9df76af45a68271013a335,entity_classification,CRIMINAL / trap_contract,0,none,,,
0xcd3daa15136384578c4cdd43a1e19c6e77cf3a80,watchlist:HIGH,"self_deploying_drainer_cd3daa15 | Self-deploying trap operator on base. 39 drains across 1 contract(s), 39 victims. Window: 2026-05-04T12:49:45 -> 2026-05-04T13:04:17. Fleet=1, funder=0x62ff7f626f8ce47f3c19075c6dbc3cedd34a50e4, mainnet=L2-only. Surfaced 2026-05-04 daily probe (0xcd3daa151363 = 39 victims). Continuing 2026-04-29+ drain wave.",0,none,,,
0xcda53b1f66614552f834ceef361a8d12a0b8dad8,entity_classification,CRIMINAL / org_laundry,0,none,,,
0xd28e6a7ad806e85bd0544ed443d25e48f52c06c3,watchlist:HIGH,architect_associated | Behavioral match to Architect at 0.719. Possible alternate wallet.,0,none,,,
0xd356c82e0c85e1568641d084dbdaf76b8df96c08,entity_classification,CRIMINAL / known_attacker,0,none,,,
0xd37bbe5744d730a1d98d8dc97c42f0ca46ad7146,watchlist:HIGH,thorchain_router_known_offramp | Thorchain mainnet deposit router. Used 2026-04-30 by mass dormant-wallet drain hub 0xA70703 to bridge 324.741 ETH out (depositWithExpiry method). Not malicious itself — flagging because its appearance in our L2 corpus would be a meaningful signal for cross-chain laundering of compromised funds. EXTRACTION_010.,3,LOW,THORChain: THORChain Router v4.1.1; note_0; THORChain,thorchain-thorchain-router-v411; note0; thorchain,; ; 
0xd64ce40735428f5ef3a121b813a1f06af9870cf6,watchlist:HIGH,drainer_funder_d64ce407 | Funder of new May 2 drainer wallet. Funds 1 corpus deployers. pure funding wallet. Surfaced 2026-05-02.,0,none,,,
0xd90e2f925da726b50c4ed8d0fb90ad053324f31b,entity_classification,INFRASTRUCTURE / mixer,3,LOW,Tornado.Cash: Router; BLOCKED; Tornado.Cash,tornadocash-router; blocked; tornadocash,; ; 
0xd9ff21caeeea4329133c98a892db16b42f9baa25,entity_classification,CRIMINAL / known_attacker,0,none,,,
0xde8eb937cb5475eee5ac96dce6ba2d18e439c473,entity_classification,CRIMINAL / org_treasury,0,none,,,
0xde8eb937cb5475eee5ac96dce6ba2d18e439c473,infra_operator_candidate,top12_funder | deployers=938 contracts=807,0,none,,,
0xde8eb937cb5475eee5ac96dce6ba2d18e439c473,watchlist:HIGH,org_002_junior | Org_002 junior treasury. 88 deployers. Untraceable origin.,0,none,,,
0xdf86f7c90f95636d7c37ee7caff620c23dfab99f,watchlist:HIGH,"self_deploying_drainer_df86f7c9 | Self-deploying trap operator on Base, deploy-once-and-dispose. 153 drains 2026-04-27. Part of 6-drainer campaign by operator hub 0xf7883e3fef23c8e645deba4b540549d78028a616 (iter_4). Surfaced 2026-05-01 retroactively from cross-funder linkage probe.",0,none,,,
0xe1e6aa5332deaf0fa0a3584113c17bedc9061487,entity_classification,CRIMINAL / known_attacker,0,none,,,
0xe4edb277e41dc89ab076a1f049f4a3efa700bce8,watchlist:CRITICAL,"cluster_a_funder | 51 deployer wallets, 260 contracts on Base, honeypot bytecode patterns, accelerating deployment",3,LOW,Orbiter Finance: Bridge 2; Bridge; Orbiter Finance,orbiter-finance-bridge-2; bridge; orbiter-finance,; ; 
0xe5f8fe69b38613a855dbcb499a2c4ecffe318c62,entity_classification,CRIMINAL / known_attacker,0,none,,,
0xe69f81b825d7dc31ee9becef4dbeab5cf30e3abb,watchlist:HIGH,"high_value_bridge_user | 49,000 ETH bridged to L1 in one week (Apr 7-14). Coordinated multi-chain withdrawals during western sleep hours. L1 nonce 36,602.",4,HIGH,Binance: Internal 2; Exchange; note_0; Binance,binance-internal-2; exchange; note0; binance,; ; ; 
0xe7f3fbb7473f2ed70962c8af2b10d0c2f27f9fc1,watchlist:HIGH,self_deploying_drainer_e7f3fbb7 | 4 victims drained 2026-05-03. Funder 0x4901d5739d43. Distinct from existing hubs.,0,none,,,
0xe8e0c4883d7196a7de87a6489f6da58212dbe813,entity_classification,CRIMINAL / infrastructure_parasite,0,none,,,
0xe93d2a52f549b9726f2914ab4c2ff0f25c6e7f86,watchlist:MEDIUM,address_poisoner_targeting_org_001 | Operator spoof (0xe93d prefix collision with org_001 operator). Fake Unicode USDC transfers. nonce=2. Targets org_001 Treasury.,0,none,,,
0xe93d64f3fbc352131e79fc5578cbe44b66697f86,entity_classification,CRIMINAL / org_deployer,0,none,,,
0xea19d023b7ddf7d930348e2c9b8592011f80f6b2,watchlist:LOW,swap_bot_deployer | 42 identical swap bot contracts on Base. Market-making infrastructure. FALSE POSITIVE for trap. Monitor for owner withdrawal (rug risk on $28K USDC).,0,none,,,
0xefef185e2c89bbede21a1c41427bdf1332eca392,watchlist:HIGH,high-confirmation-ratio operator | 2026-04-23 investigator review: fleet 15 with 9 confirmed (60% rate). 2 hits today.,0,none,,,
0xf186cb00e49e18491db5783ff04fae3818102ff7,entity_classification,CRIMINAL / org_treasury,0,none,,,
0xf2418fcd0becc378087880ea0d17223012d9a31d,watchlist:HIGH,"self_deploying_drainer_f2418fcd | Self-deploying trap operator on base. 31 drains across 1 contracts, 31 distinct victims. Drain window: 2026-04-29T19:18:51 → 2026-04-29T19:18:51. Fleet=1, funder=0x64dce7ea90621ee152443e7056724987c5eb13d1, mainnet=L2-only. Surfaced 2026-04-29 via 24h drain burst decomposition. Pattern: deploy → bait → mass-sweep, dispose.",0,none,,,
0xf5e753d3da60db214f2261343c1e1bc46e674d2f,entity_classification,CRIMINAL / known_attacker,0,none,,,
0xf6c99cec5bd639316a19d2f56afc14bd046d3a90,watchlist:HIGH,"pristine-reputation solo operator (base) | pristine-solo: fleet 2, conf 1, mainnet 2021-07-01, gap 1,748d. Detected by pristine_solo_detector 2026-04-25.",0,none,,,
0xf70da97812cb96acdf810712aa562db8dfa3dbef,infra_operator_candidate,top12_funder | deployers=2684 contracts=6971,3,LOW,Relay: Solver; Relay Bridge; Relay,relay-solver; relay-bridge; relay,; ; 
0xf70da97812cb96acdf810712aa562db8dfa3dbef,watchlist:HIGH,org_001_whale | Org_001 whale trader. 68% of deployments now through this path. Binance origin.,3,LOW,Relay: Solver; Relay Bridge; Relay,relay-solver; relay-bridge; relay,; ; 
0xf7883e3fef23c8e645deba4b540549d78028a616,watchlist:HIGH,"drainer_spawn_hub_f7883e3f | Drainer-spawn operator hub. Funded 7 corpus deployers since 2026-04-07, of which 6 are confirmed drainers (859 total victims drained across 24-day campaign). Cadence: ~every 2 days a new drain wallet is spawned. Iterations: 0x7d34e0a0 (4-07, 139v), 0x2ce5ff20 (4-13, 139v), 0xa370e0f4 (4-25, 154v), 0xdf86f7c9 (4-27, 153v), 0x1aae146c (4-29, 133v), 0x1ac0dd67 (5-01, 141v). One non-drainer 0xb07b8e9f (4-15, idle).",0,none,,,
0xfa7093cdd9ee6932b4eb2c9e1cde7ce00b1fa4b9,entity_classification,INFRASTRUCTURE / mixer,2,LOW,Relay; Railgun,relay-1; railgun,; 
0xfbf44e969d4fc5cbad62870207341c976f9e38f9,watchlist:HIGH,"self_deploying_drainer_fbf44e96_org001 | 113 victims drained 2026-05-06. Funder: 0x8c826f795466e39acbff1bb4eeeb759609377ba1 (org_001_gas_station, watchlist HIGH). FIRST CONFIRMED DIRECT-ORG-DRAINER LINKAGE in corpus — org_001 has been documented as funder/whale infrastructure but never directly drainer-spawning until this event. Major escalation in org_001 harm profile.",0,none,,,
0xfc6362ec899fac3579728453d11c3e4b19bf84e6,watchlist:HIGH,"self_deploying_drainer_fc6362ec | Self-deploying trap operator on arbitrum. 34 drains across 1 contracts, 34 distinct victims. Drain window: 2026-04-29T10:56:25 → 2026-04-29T20:14:43. Fleet=1, funder=0xaf45c256e71841bad1db9bea31f8a95ae205d5d0, mainnet=L2-only. Surfaced 2026-04-29 via 24h drain burst decomposition. Pattern: deploy → bait → mass-sweep, dispose.",0,none,,,
0xfd51e33d44b376ef346d24a130a51035db09c1dc,entity_classification,CRIMINAL / org_deployer,0,none,,,
0xfd92f4e91d54b9ef91cc3f97c011a6af0c2a7eda,watchlist:HIGH,"iso_top12_fd92f4e9_stockpile | Top-12 Infrastructure-Scale Operator (rank #3 per reports/funder_cluster_diagnostic_2026-04-29.md, 2,411 deployers / 8,564 contracts / 0 confirmed / 889 suspected = stockpile sub-type). Surged overnight 2026-05-04→05: spawned 39 new deployers / 58 contracts. Documented in lexicon Infrastructure-Scale Operator entry but never watchlisted until 2026-05-05.",3,HIGH,OKX 137; Exchange; note_0,okx-137; exchange; note0,; ; 
0xfdaf1f1714810f8d88a57c9d551d442c68ace2bb,entity_classification,CRIMINAL / org_laundry,0,none,,,
